	gene_name	gene_symbol	ENSEMBL.tag	logFC	logCPM	LR	PValue	FDR
ENSMUSG00000027966	collagen, type XI, alpha 1	ENSMUSG00000027966	Col11a1	4.29639452968143	4.12763909674778	83.0886031290735	7.84567259006642e-20	1.04151303633132e-15
ENSMUSG00000031274	collagen, type IV, alpha 5	ENSMUSG00000031274	Col4a5	3.13004361957301	3.60123564617923	75.0047908396176	4.69573228818601e-18	3.11679230628346e-14
ENSMUSG00000001506	collagen, type I, alpha 1	ENSMUSG00000001506	Col1a1	3.18807408684539	8.80873699309753	74.1114890278724	7.38273977312012e-18	3.26686234960565e-14
ENSMUSG00000029661	collagen, type I, alpha 2	ENSMUSG00000029661	Col1a2	2.87491325808279	8.67656071221178	68.8929493957467	1.03955810243396e-16	3.4500334524527e-13
ENSMUSG00000022483	collagen, type II, alpha 1	ENSMUSG00000022483	Col2a1	4.93759789382851	5.82431769607338	68.3681806925388	1.35648821517222e-16	3.60147621128225e-13
ENSMUSG00000040998	nephronectin	ENSMUSG00000040998	Npnt	2.17194573240728	5.08872328679029	53.0720824370041	3.21529918857648e-13	7.11384945472547e-10
ENSMUSG00000028364	tenascin C	ENSMUSG00000028364	Tnc	3.21096577669396	4.18162227763495	51.796757314621	6.1553383239133e-13	1.16731594642784e-09
ENSMUSG00000006342	sushi domain containing 2	ENSMUSG00000006342	Susd2	2.21113753472109	5.51416938963632	47.1334096453289	6.63156024645603e-12	1.1004245283963e-08
ENSMUSG00000027570	collagen, type IX, alpha 3	ENSMUSG00000027570	Col9a3	3.96544823899456	4.32650759999661	46.4240662797559	9.52385523933552e-12	1.40476864780199e-08
ENSMUSG00000034687	Fraser extracellular matrix complex subunit 1	ENSMUSG00000034687	Fras1	2.80606422399335	3.15984381651475	42.2164554025588	8.17095866434807e-11	1.08469476269221e-07
ENSMUSG00000036596	carboxypeptidase Z	ENSMUSG00000036596	Cpz	3.3721781526494	2.53660703575597	41.8904014730141	9.6535359983106e-11	1.16500627615976e-07
ENSMUSG00000022371	collagen, type XIV, alpha 1	ENSMUSG00000022371	Col14a1	2.29645140369298	3.93935811379638	41.2821521992386	1.31766528671561e-10	1.45766722342915e-07
ENSMUSG00000041559	fibromodulin	ENSMUSG00000041559	Fmod	2.0591089847591	3.85133532720723	40.8249325488638	1.66495282720038e-10	1.70017298316039e-07
ENSMUSG00000001119	collagen, type VI, alpha 1	ENSMUSG00000001119	Col6a1	1.90714116281002	3.5168812107179	39.8822796612097	2.69739297668785e-10	2.55770655468081e-07
ENSMUSG00000024330	collagen, type XI, alpha 2	ENSMUSG00000024330	Col11a2	2.89985259850005	2.7156865581586	38.338854786599	5.9466747138595e-10	5.10117862934101e-07
ENSMUSG00000028626	collagen, type IX, alpha 2	ENSMUSG00000028626	Col9a2	3.61654503389647	6.48988152678101	38.1798194936795	6.4516219347043e-10	5.10117862934101e-07
ENSMUSG00000031273	collagen, type IV, alpha 6	ENSMUSG00000031273	Col4a6	3.66376464289415	2.07880123072815	38.1554856654089	6.53258280216928e-10	5.10117862934101e-07
ENSMUSG00000073418	complement component 4B (Chido blood group)	ENSMUSG00000073418	C4b	3.63257577710002	4.83424201189266	37.8968267246255	7.45864597660617e-10	5.50075140774705e-07
ENSMUSG00000055653	glypican 3	ENSMUSG00000055653	Gpc3	2.76137002933216	7.44294459634936	35.5381544790515	2.50103339689598e-09	1.74743254441022e-06
ENSMUSG00000001435	collagen, type XVIII, alpha 1	ENSMUSG00000001435	Col18a1	1.56111154967596	5.51166065382396	35.3541320164759	2.74884771633518e-09	1.82454767171748e-06
ENSMUSG00000022824	mucin 13, epithelial transmembrane	ENSMUSG00000022824	Muc13	2.08765803904073	5.07717934738753	35.257044394038	2.88935094258028e-09	1.82648256013111e-06
ENSMUSG00000039787	cerebral endothelial cell adhesion molecule	ENSMUSG00000039787	Cercam	2.06247744248707	4.50857090406917	34.8762177767738	3.51346367983368e-09	2.12005592499055e-06
ENSMUSG00000037206	immunoglobulin superfamily containing leucine-rich repeat	ENSMUSG00000037206	Islr	2.71418387004211	3.59413300760591	34.5329900317698	4.1908785957992e-09	2.41886579822758e-06
ENSMUSG00000059481	plasminogen	ENSMUSG00000059481	Plg	3.03247913630458	4.52483471890694	33.5760064090531	6.85329101587434e-09	3.79072659315549e-06
ENSMUSG00000019817	pleiomorphic adenoma gene-like 1	ENSMUSG00000019817	Plagl1	1.33006375394074	7.25439145325029	32.9763471960534	9.3286914279527e-09	4.95353514824288e-06
ENSMUSG00000026639	laminin, beta 3	ENSMUSG00000026639	Lamb3	2.32178081433672	4.80490201484206	32.7891439201091	1.02716890801191e-08	5.24448740533003e-06
ENSMUSG00000002980	basal cell adhesion molecule	ENSMUSG00000002980	Bcam	1.72199385219732	5.4067812823721	32.6636181618102	1.09569033737793e-08	5.38714415877482e-06
ENSMUSG00000022865	coxsackie virus and adenovirus receptor	ENSMUSG00000022865	Cxadr	1.91237409950708	3.91424358238121	32.57785288729	1.14512224449181e-08	5.4291063555817e-06
ENSMUSG00000040703	cytochrome P450, family 2, subfamily s, polypeptide 1	ENSMUSG00000040703	Cyp2s1	1.48441361888728	4.88823198297266	32.1830530267394	1.40309272742534e-08	6.42277791605908e-06
ENSMUSG00000037016	Fras1 related extracellular matrix protein 2	ENSMUSG00000037016	Frem2	1.75734803585686	3.20743867939876	31.2523587461388	2.26572030893179e-08	1.00258123670232e-05
ENSMUSG00000021763	chondroitin sulfate proteoglycan 4B	ENSMUSG00000021763	Cspg4b	2.55393074644916	2.114441674315	30.791794094147	2.87249984285964e-08	1.2300785617407e-05
ENSMUSG00000022665	coiled-coil domain containing 80	ENSMUSG00000022665	Ccdc80	1.91576002181845	3.2136403955497	30.4445705357547	3.43543500073952e-08	1.42516873858804e-05
ENSMUSG00000021236	ectonucleoside triphosphate diphosphohydrolase 5	ENSMUSG00000021236	Entpd5	1.60715525363314	5.01619728799334	30.0693676929378	4.16864258339695e-08	1.67693122104832e-05
ENSMUSG00000020241	collagen, type VI, alpha 2	ENSMUSG00000020241	Col6a2	1.60698987697324	3.24642386479384	29.3919602461418	5.91224099230826e-08	2.30838232861447e-05
ENSMUSG00000035000	dipeptidylpeptidase 4	ENSMUSG00000035000	Dpp4	2.11462218571082	4.03839206803916	29.2695689594737	6.2976988351772e-08	2.3886272010565e-05
ENSMUSG00000022149	complement component 9	ENSMUSG00000022149	C9	2.88880791221347	3.57310175296513	27.7718529850566	1.36497610694184e-07	5.03334939434803e-05
ENSMUSG00000090124	UDP glucuronosyltransferase 1 family, polypeptide A7C	ENSMUSG00000090124	Ugt1a7c	2.56520396592098	4.29650736514792	27.1860664732842	1.84785613963469e-07	6.62980817666229e-05
ENSMUSG00000000049	apolipoprotein H	ENSMUSG00000000049	Apoh	3.24843688079851	4.18301014470153	26.8194714815029	2.23375275976013e-07	7.72696939124449e-05
ENSMUSG00000029718	procollagen C-endopeptidase enhancer protein	ENSMUSG00000029718	Pcolce	1.69919469399097	3.68367186929295	26.7883049449377	2.27007010364245e-07	7.72696939124449e-05
ENSMUSG00000030895	hemopexin	ENSMUSG00000030895	Hpx	2.72827766022272	4.06199186655497	26.6812978662874	2.39932637447178e-07	7.96276440527822e-05
ENSMUSG00000040152	thrombospondin 1	ENSMUSG00000040152	Thbs1	1.67658977437761	6.85899968662536	26.6203389159737	2.4762321102267e-07	8.01755640567303e-05
ENSMUSG00000038224	serine (or cysteine) peptidase inhibitor, clade F, member 2	ENSMUSG00000038224	Serpinf2	2.66575772773998	4.71725363924203	26.1643702625261	3.13554932435712e-07	9.91057554305734e-05
ENSMUSG00000028158	microsomal triglyceride transfer protein	ENSMUSG00000028158	Mttp	1.89542496502796	5.60759795703614	26.0337908023383	3.35493708070932e-07	0.000103573929642828
ENSMUSG00000023906	claudin 6	ENSMUSG00000023906	Cldn6	1.60975739326125	6.04445834849466	25.7815184007377	3.8233203977382e-07	0.00011535131427267
ENSMUSG00000027750	periostin, osteoblast specific factor	ENSMUSG00000027750	Postn	1.31829942215372	5.41856510523979	24.9660047363187	5.83501303308915e-07	0.00017213288447613
ENSMUSG00000054545	UDP glucuronosyltransferase 1 family, polypeptide A6A	ENSMUSG00000054545	Ugt1a6a	2.55271533348582	2.92933845014993	24.8579142236779	6.17151513617727e-07	0.000178101877027724
ENSMUSG00000032854	UDP galactosyltransferase 8A	ENSMUSG00000032854	Ugt8a	3.49825788533323	1.84321570758836	24.5800351590669	7.12864914751529e-07	0.000201346420070778
ENSMUSG00000007034	solute carrier family 44, member 4	ENSMUSG00000007034	Slc44a4	1.54241324350506	4.43339918724803	24.5304873504159	7.31432997870047e-07	0.000202286938473435
ENSMUSG00000032816	immunoglobulin superfamily, DCC subclass, member 4	ENSMUSG00000032816	Igdcc4	2.17604998863921	2.88083822646261	24.2934318120322	8.2720652390032e-07	0.000224105440913811
ENSMUSG00000006529	inter-alpha trypsin inhibitor, heavy chain 1	ENSMUSG00000006529	Itih1	2.36778446125755	2.5964724848171	24.230120175664	8.54848832612256e-07	0.000226962365058554
ENSMUSG00000026837	collagen, type V, alpha 1	ENSMUSG00000026837	Col5a1	1.73128045877719	6.0889485167204	23.8295315426392	1.05255164982021e-06	0.000273973002967908
ENSMUSG00000028358	zinc finger protein 618	ENSMUSG00000028358	Zfp618	2.54175988853593	1.42266451885964	23.7901566982509	1.07430450767528e-06	0.000274257544988257
ENSMUSG00000024164	complement component 3	ENSMUSG00000024164	C3	1.81860849489714	6.04160693336161	23.6843955884882	1.13499095793853e-06	0.000284283112577999
ENSMUSG00000037254	inter-alpha trypsin inhibitor, heavy chain 2	ENSMUSG00000037254	Itih2	2.74899041473268	4.68735286495753	23.5950413184044	1.18893505860093e-06	0.000289932482339771
ENSMUSG00000000753	serine (or cysteine) peptidase inhibitor, clade F, member 1	ENSMUSG00000000753	Serpinf1	2.41510540325358	3.11424216919455	23.5752501224422	1.20122685715159e-06	0.000289932482339771
ENSMUSG00000040690	collagen, type XVI, alpha 1	ENSMUSG00000040690	Col16a1	1.6341993515489	5.41162956907372	23.0548489876312	1.57444921355318e-06	0.000372667620543418
ENSMUSG00000029195	klotho beta	ENSMUSG00000029195	Klb	1.8060873782447	3.33344523481026	22.9975960842899	1.62204097066514e-06	0.000372667620543418
ENSMUSG00000051652	leucine rich repeat containing 3	ENSMUSG00000051652	Lrrc3	1.91236763724183	3.13403431643817	22.9408361105522	1.67064734071034e-06	0.000372667620543418
ENSMUSG00000027253	low density lipoprotein receptor-related protein 4	ENSMUSG00000027253	Lrp4	1.95969564459097	3.03332846538105	22.9368310803744	1.67413172339268e-06	0.000372667620543418
ENSMUSG00000029368	albumin	ENSMUSG00000029368	Alb	3.24527335096411	8.51111093210919	22.9251072556834	1.68437342618494e-06	0.000372667620543418
ENSMUSG00000031906	sphingomyelin phosphodiesterase 3, neutral	ENSMUSG00000031906	Smpd3	2.64807631353131	3.14749724986857	22.7531336932449	1.84203517485855e-06	0.000400869130266348
ENSMUSG00000027070	low density lipoprotein receptor-related protein 2	ENSMUSG00000027070	Lrp2	2.30439950655276	6.73307979280465	22.6670430732348	1.92643861178131e-06	0.000407481891283264
ENSMUSG00000035403	crumbs family member 2	ENSMUSG00000035403	Crb2	2.77786710005136	1.25228230351358	22.6597025091577	1.9338123654121e-06	0.000407481891283264
ENSMUSG00000005124	cellular communication network factor 4	ENSMUSG00000005124	Ccn4	1.97785485227879	2.95764124635113	22.4985397285073	2.10303406022593e-06	0.000436215267960925
ENSMUSG00000038732	membrane bound O-acyltransferase domain containing 1	ENSMUSG00000038732	Mboat1	1.67589655818372	3.83435102031834	22.3589905946357	2.26151846453336e-06	0.000461871655641237
ENSMUSG00000071177	serine (or cysteine) peptidase inhibitor, clade A, member 1D	ENSMUSG00000071177	Serpina1d	2.67725721406309	3.86681177961541	22.1789552978883	2.48381478455245e-06	0.000499585473711118
ENSMUSG00000022181	complement component 6	ENSMUSG00000022181	C6	3.30199929159238	2.12223019307315	22.0063960282288	2.71743388947202e-06	0.000538416938548375
ENSMUSG00000018166	erb-b2 receptor tyrosine kinase 3	ENSMUSG00000018166	Erbb3	1.46847806249228	4.62441161178964	21.8839964899928	2.89639376244679e-06	0.000560055550013458
ENSMUSG00000073678	post-GPI attachment to proteins 1	ENSMUSG00000073678	Pgap1	1.7463439591258	3.56520713555651	21.8743285897247	2.91102319781006e-06	0.000560055550013458
ENSMUSG00000034435	transmembrane protein 30B	ENSMUSG00000034435	Tmem30b	1.66408299607521	5.63497764189381	21.6839654099543	3.21467154154796e-06	0.000609639495914989
ENSMUSG00000026205	solute carrier family 23 (nucleobase transporters), member 3	ENSMUSG00000026205	Slc23a3	2.14172256745757	3.80509891483995	21.6229753267791	3.31852780147413e-06	0.000620471219219283
ENSMUSG00000022636	activated leukocyte cell adhesion molecule	ENSMUSG00000022636	Alcam	1.89394815860699	2.90864468094085	21.5912654128198	3.37384817575013e-06	0.00062205325740393
ENSMUSG00000047501	claudin 4	ENSMUSG00000047501	Cldn4	1.07323298806353	6.42217942437306	21.3617388467344	3.80285096093625e-06	0.000684718181344354
ENSMUSG00000000385	transmembrane protease, serine 2	ENSMUSG00000000385	Tmprss2	1.33049033632464	6.42484061700286	21.3546769104586	3.81688477736212e-06	0.000684718181344354
ENSMUSG00000021638	occludin	ENSMUSG00000021638	Ocln	1.67475332519037	4.25969610058386	21.2131472078902	4.1093598644597e-06	0.000727356696009367
ENSMUSG00000029119	mannosidase 2, alpha B2	ENSMUSG00000029119	Man2b2	1.46264732462669	5.70657228682301	21.1028705816374	4.35275588084631e-06	0.000751623163547837
ENSMUSG00000075592	NYN domain and retroviral integrase containing	ENSMUSG00000075592	Nynrin	1.12033327377763	5.04890949795655	21.0998170605156	4.35969744581419e-06	0.000751623163547837
ENSMUSG00000000303	cadherin 1	ENSMUSG00000000303	Cdh1	1.26030357401717	6.67777888015839	20.9135086446584	4.80494153130154e-06	0.00081776408753882
ENSMUSG00000078607	RIKEN cDNA 1810010H24 gene	ENSMUSG00000078607	1810010H24Rik	2.09573109015444	2.22848141538923	20.8626720627787	4.93417016159093e-06	0.000829127960697716
ENSMUSG00000018217	peripheral myelin protein 22	ENSMUSG00000018217	Pmp22	1.29251570889644	5.4122144327873	20.7408340497599	5.25826618106055e-06	0.000872543544419735
ENSMUSG00000026715	serine (or cysteine) peptidase inhibitor, clade C (antithrombin), member 1	ENSMUSG00000026715	Serpinc1	2.04909332565845	3.30104657060977	20.6444301384358	5.52978209300478e-06	0.000906269843020228
ENSMUSG00000038600	ATPase, H+ transporting, lysosomal V0 subunit A4	ENSMUSG00000038600	Atp6v0a4	2.15201530456184	3.74967004617458	20.5660253961998	5.760949197767e-06	0.000932641470736061
ENSMUSG00000009376	met proto-oncogene	ENSMUSG00000009376	Met	1.78791349239192	3.54993478587241	20.4590099121254	6.09220829745196e-06	0.000974386327092468
ENSMUSG00000021390	osteoglycin	ENSMUSG00000021390	Ogn	2.1119796084373	2.37239568495085	20.3512326817993	6.44515552956399e-06	0.00101636196745581
ENSMUSG00000030834	ATP-binding cassette, sub-family C (CFTR/MRP), member 6	ENSMUSG00000030834	Abcc6	2.43273978181096	1.83481649597482	20.322847603478	6.54147812217955e-06	0.00101636196745581
ENSMUSG00000031451	growth arrest specific 6	ENSMUSG00000031451	Gas6	1.57247917193836	4.61098923005122	20.3103510191327	6.58434118276456e-06	0.00101636196745581
ENSMUSG00000034918	cadherin-related family member 2	ENSMUSG00000034918	Cdhr2	2.54495103907039	5.05125275893804	20.239195006422	6.83383396178394e-06	0.00104274880278945
ENSMUSG00000025194	ATP-binding cassette, sub-family C (CFTR/MRP), member 2	ENSMUSG00000025194	Abcc2	2.40006670959905	3.79932036794517	20.1084726120767	7.3171809599821e-06	0.00110381337777003
ENSMUSG00000074768	betaine-homocysteine methyltransferase	ENSMUSG00000074768	Bhmt	2.67985000812058	1.88677848473158	20.0155834770886	7.68136150834111e-06	0.00114573116880032
ENSMUSG00000036606	plexin B2	ENSMUSG00000036606	Plxnb2	1.13000612728016	6.69015274364668	19.9372212179831	8.00270424703897e-06	0.00118039887643825
ENSMUSG00000017344	vitronectin	ENSMUSG00000017344	Vtn	2.59452516235422	5.1335687386625	19.8001486636593	8.59759893502367e-06	0.00125421017431252
ENSMUSG00000031209	hephaestin	ENSMUSG00000031209	Heph	2.27425558517648	4.08183839493502	19.6657095942388	9.2241830014759e-06	0.00133098944939774
ENSMUSG00000040848	SFT2 domain containing 2	ENSMUSG00000040848	Sft2d2	1.16392435900688	5.29548103505555	19.5906675006105	9.5936674626961e-06	0.00136941866201388
ENSMUSG00000024130	ATP-binding cassette, sub-family A (ABC1), member 3	ENSMUSG00000024130	Abca3	1.17327875908492	5.59551324670334	19.443517706721	1.036189189082e-05	0.00146334164734719
ENSMUSG00000031548	secreted frizzled-related protein 1	ENSMUSG00000031548	Sfrp1	1.56459426769647	2.60811000468401	19.217317269064	1.16650386152162e-05	0.00163003565912626
ENSMUSG00000022766	serine (or cysteine) peptidase inhibitor, clade D, member 1	ENSMUSG00000022766	Serpind1	2.43800324238398	5.62478575546726	19.1295829200745	1.22137027096557e-05	0.00168892607781958
ENSMUSG00000025075	hyaluronic acid binding protein 2	ENSMUSG00000025075	Habp2	2.36060134692298	4.15743445237546	18.9725162014114	1.32614973444282e-05	0.0018149111056421
ENSMUSG00000024371	complement component 2 (within H-2S)	ENSMUSG00000024371	C2	1.46382458642681	5.04693723595727	18.9381194582746	1.35027504137752e-05	0.00182907154839659
ENSMUSG00000028064	sema domain, immunoglobulin domain (Ig), transmembrane domain (TM) and short cytoplasmic domain, (semaphorin) 4A	ENSMUSG00000028064	Sema4a	1.95061709970322	4.64514847213279	18.8499052145565	1.41418128046036e-05	0.00188102070600039
ENSMUSG00000033577	myosin VI	ENSMUSG00000033577	Myo6	1.05674452849613	5.6199517833029	18.8461545601537	1.41696475028278e-05	0.00188102070600039
ENSMUSG00000031965	T-box 20	ENSMUSG00000031965	Tbx20	1.67961152818644	2.44796810289047	18.7925942988842	1.45731901086699e-05	0.00191543662071874
ENSMUSG00000021364	elongation of very long chain fatty acids (FEN1/Elo2, SUR4/Elo3, yeast)-like 2	ENSMUSG00000021364	Elovl2	2.14437423108421	1.77480764234626	18.5533452764366	1.65215022877748e-05	0.00213214359877872
ENSMUSG00000055737	growth hormone receptor	ENSMUSG00000055737	Ghr	1.28504893112636	6.30309674358603	18.5508452127486	1.65431857381701e-05	0.00213214359877872
ENSMUSG00000028356	alpha 1 microglobulin/bikunin precursor	ENSMUSG00000028356	Ambp	2.31179619720655	4.26540289196277	18.4885243572417	1.70930403145724e-05	0.00213507320832514
ENSMUSG00000032334	lysyl oxidase-like 1	ENSMUSG00000032334	Loxl1	1.98235797819228	2.32138448153847	18.4867151860174	1.71092738692583e-05	0.00213507320832514
ENSMUSG00000035504	receptor accessory protein 6	ENSMUSG00000035504	Reep6	1.3175004531414	5.19414088246851	18.4764091609636	1.72020448660928e-05	0.00213507320832514
ENSMUSG00000046811	glycolipid transfer protein domain containing 2	ENSMUSG00000046811	Gltpd2	2.10517791381328	2.52983962772269	18.4756107432461	1.72092529785906e-05	0.00213507320832514
ENSMUSG00000004328	hypoxia inducible factor 3, alpha subunit	ENSMUSG00000004328	Hif3a	1.90719294619969	4.24884848102811	18.3546922369681	1.83366834423468e-05	0.00225388400645513
ENSMUSG00000068877	selenium binding protein 2	ENSMUSG00000068877	Selenbp2	2.12872368439638	2.20196723109737	18.1924442448684	1.99669400767492e-05	0.00243175348182427
ENSMUSG00000015944	cytosolic arginine sensor for mTORC1 subunit 2	ENSMUSG00000015944	Castor2	1.36935573407094	4.55836626667236	18.1645916878884	2.0261100882713e-05	0.00244514649289105
ENSMUSG00000058952	complement component factor i	ENSMUSG00000058952	Cfi	2.49616772104333	5.87626624017419	18.1333695607585	2.05960279930907e-05	0.00246317361809261
ENSMUSG00000068587	maltase-glucoamylase	ENSMUSG00000068587	Mgam	2.25677406205245	2.04147126087577	18.1157343617933	2.07876572930267e-05	0.00246389420147259
ENSMUSG00000090486	NA	ENSMUSG00000090486	NA	1.99796147197653	3.19314364930407	18.0880860705371	2.10917039067854e-05	0.00247780857842987
ENSMUSG00000079015	serine (or cysteine) peptidase inhibitor, clade A, member 1C	ENSMUSG00000079015	Serpina1c	2.56860046441762	4.69491720388812	17.9773330065889	2.2355114036529e-05	0.00259324037851136
ENSMUSG00000018459	solute carrier family 13 (sodium-dependent dicarboxylate transporter), member 3	ENSMUSG00000018459	Slc13a3	2.31237886097263	4.56434790923927	17.9653614027751	2.24961547022595e-05	0.00259324037851136
ENSMUSG00000047230	claudin 2	ENSMUSG00000047230	Cldn2	2.47141902857855	5.78973926065893	17.9425201485428	2.27677386274437e-05	0.00259324037851136
ENSMUSG00000053897	solute carrier family 39 (metal ion transporter), member 8	ENSMUSG00000053897	Slc39a8	1.17443493422872	5.45629976947324	17.9351827517469	2.28556779123035e-05	0.00259324037851136
ENSMUSG00000057880	4-aminobutyrate aminotransferase	ENSMUSG00000057880	Abat	1.49531557102743	4.6206722357363	17.8749371369067	2.35907529220813e-05	0.00263820169984663
ENSMUSG00000023960	ectonucleotide pyrophosphatase/phosphodiesterase 5	ENSMUSG00000023960	Enpp5	1.12907332474242	5.15991715912466	17.870210730541	2.36494163677401e-05	0.00263820169984663
ENSMUSG00000090231	complement factor B	ENSMUSG00000090231	Cfb	2.28467253358113	6.10277207340151	17.8391418580436	2.40387041465973e-05	0.00265928164621732
ENSMUSG00000009614	sarcosine dehydrogenase	ENSMUSG00000009614	Sardh	1.79518357491414	3.01638177125649	17.8211867646987	2.42666074972588e-05	0.00266230755806703
ENSMUSG00000029082	bone marrow stromal cell antigen 1	ENSMUSG00000029082	Bst1	1.68836303511682	5.29239641248526	17.7175690768915	2.56248926711435e-05	0.00277545562026362
ENSMUSG00000027249	coagulation factor II	ENSMUSG00000027249	F2	2.29713025614169	6.31053642888667	17.7108113470564	2.5716085973064e-05	0.00277545562026362
ENSMUSG00000033792	ATPase, Cu++ transporting, alpha polypeptide	ENSMUSG00000033792	Atp7a	1.63883404764627	4.36263981372438	17.467191428788	2.92308869220591e-05	0.00312935503137367
ENSMUSG00000062480	acetyl-Coenzyme A acetyltransferase 3	ENSMUSG00000062480	Acat3	2.06854737552043	1.21747984948887	17.4311157874848	2.97909126774832e-05	0.00316379492634872
ENSMUSG00000001739	claudin 15	ENSMUSG00000001739	Cldn15	2.6075993825285	1.54443705722726	17.4074036382219	3.0164872386792e-05	0.00317808476932273
ENSMUSG00000024027	glucagon-like peptide 1 receptor	ENSMUSG00000024027	Glp1r	2.48222513658879	3.93443132912519	17.3862370150462	3.05026706790458e-05	0.00318836971074278
ENSMUSG00000048126	collagen, type VI, alpha 3	ENSMUSG00000048126	Col6a3	1.28980257085189	4.59507367880137	17.3685393875946	3.07880237521886e-05	0.00319305480711174
ENSMUSG00000027315	serine protease inhibitor, Kunitz type 1	ENSMUSG00000027315	Spint1	1.09184945693001	6.11958442999224	17.3494070292281	3.10995289384696e-05	0.00320035850122623
ENSMUSG00000036853	mucolipin 3	ENSMUSG00000036853	Mcoln3	2.11192723526155	2.64478810554228	17.3001016997497	3.1916976974827e-05	0.00325921437954483
ENSMUSG00000028024	glutamyl aminopeptidase	ENSMUSG00000028024	Enpep	1.61654540967176	3.74504271214641	17.2435985331721	3.28803513374536e-05	0.00333195926721143
ENSMUSG00000028001	fibrinogen alpha chain	ENSMUSG00000028001	Fga	2.52644766619226	7.77581001765767	17.2127023415502	3.34194338170398e-05	0.00335224720633373
ENSMUSG00000022875	kininogen 1	ENSMUSG00000022875	Kng1	2.47412290789542	7.12485412052194	17.2032797025622	3.35856028958483e-05	0.00335224720633373
ENSMUSG00000090084	sushi-repeat-containing protein	ENSMUSG00000090084	Srpx	2.08566938809211	1.64720554258371	17.1571895099322	3.44104516577753e-05	0.00340894586385796
ENSMUSG00000025969	neuropilin 2	ENSMUSG00000025969	Nrp2	1.29481037921444	3.46038666889605	17.1414864582608	3.46961056350983e-05	0.00341178372078466
ENSMUSG00000040856	delta like non-canonical Notch ligand 1	ENSMUSG00000040856	Dlk1	1.18476880400385	7.60926629076752	17.0687800628569	3.60500908142307e-05	0.00351885996734494
ENSMUSG00000072849	serine (or cysteine) peptidase inhibitor, clade A, member 1E	ENSMUSG00000072849	Serpina1e	1.69160856316522	3.08853094629506	17.0426818675521	3.65489568386941e-05	0.00351958296110718
ENSMUSG00000012428	STEAP family member 4	ENSMUSG00000012428	Steap4	1.79059289210754	5.01826443054043	17.0390220223776	3.66194672442619e-05	0.00351958296110718
ENSMUSG00000014599	colony stimulating factor 1 (macrophage)	ENSMUSG00000014599	Csf1	1.20303563467368	4.82506640793733	17.0140633817173	3.71039788292842e-05	0.00351958296110718
ENSMUSG00000005268	prolactin receptor	ENSMUSG00000005268	Prlr	1.49605740689431	3.57248038081122	17.0133453619601	3.71180123958572e-05	0.00351958296110718
ENSMUSG00000078185	choroideremia-like	ENSMUSG00000078185	Chml	1.449284420551	3.67980316046434	16.9862442409056	3.76516183814407e-05	0.00354485981569947
ENSMUSG00000062312	erb-b2 receptor tyrosine kinase 2	ENSMUSG00000062312	Erbb2	1.21194703970752	3.52223508752094	16.9632091987565	3.81112239866929e-05	0.00356286266495315
ENSMUSG00000030108	solute carrier family 6 (neurotransmitter transporter, GABA), member 13	ENSMUSG00000030108	Slc6a13	1.56852470318224	3.67042692730923	16.9306301443573	3.87709015668316e-05	0.00359918684125657
ENSMUSG00000028970	ATP-binding cassette, sub-family B (MDR/TAP), member 1B	ENSMUSG00000028970	Abcb1b	1.35999434609326	5.68881837462808	16.8157257049763	4.11905475811238e-05	0.00379725360513485
ENSMUSG00000033860	fibrinogen gamma chain	ENSMUSG00000033860	Fgg	2.48404924713255	7.39157466508722	16.7462624089203	4.27263477583334e-05	0.00391167080339224
ENSMUSG00000046959	solute carrier family 26 (sulfate transporter), member 1	ENSMUSG00000046959	Slc26a1	2.29638199287886	2.99766573210937	16.6134324010862	4.58253196038529e-05	0.00416665149137772
ENSMUSG00000038178	solute carrier family 43, member 2	ENSMUSG00000038178	Slc43a2	1.12420357738567	6.01426735268085	16.5800851136469	4.66381955209657e-05	0.00421171459551578
ENSMUSG00000043592	unc-5 family C-terminal like	ENSMUSG00000043592	Unc5cl	2.1378498272253	2.24916595720083	16.5505327244547	4.73706763079912e-05	0.00424895762154448
ENSMUSG00000013643	LY6/PLAUR domain containing 8	ENSMUSG00000013643	Lypd8	2.91166308510326	3.06855782708526	16.4367952757524	5.02993272171075e-05	0.00444441403666823
ENSMUSG00000033688	RIKEN cDNA 1300017J02 gene	ENSMUSG00000033688	1300017J02Rik	1.97550658126914	5.68170598422165	16.4260276372366	5.05858492534718e-05	0.00444441403666823
ENSMUSG00000020258	glycerate kinase	ENSMUSG00000020258	Glyctk	1.65761716994547	3.78964231645455	16.4215581513824	5.07052617264225e-05	0.00444441403666823
ENSMUSG00000030244	glycogen synthase 2	ENSMUSG00000030244	Gys2	2.18300989561273	1.17287791425748	16.4147031659042	5.08889592145816e-05	0.00444441403666823
ENSMUSG00000022505	epithelial membrane protein 2	ENSMUSG00000022505	Emp2	0.933437718113224	4.90401790338091	16.397169244203	5.13618778340848e-05	0.00445639822383971
ENSMUSG00000028132	TLC domain containing 4	ENSMUSG00000028132	Tlcd4	1.80846454961937	1.69225066713627	16.349884683652	5.26593664670225e-05	0.00453930577824496
ENSMUSG00000029260	UDP glucuronosyltransferase 2 family, polypeptide B34	ENSMUSG00000029260	Ugt2b34	2.32731187653114	3.9086739908803	16.3166315249585	5.35915261093829e-05	0.00458985489743263
ENSMUSG00000029102	hepatocyte growth factor activator	ENSMUSG00000029102	Hgfac	1.93728661226359	1.74588122846341	16.2946347778994	5.42172445068982e-05	0.00461367897967355
ENSMUSG00000022868	alpha-2-HS-glycoprotein	ENSMUSG00000022868	Ahsg	2.22320882908963	5.0833715629058	16.2538223592571	5.53977198148993e-05	0.00468033147317158
ENSMUSG00000022780	melanotransferrin	ENSMUSG00000022780	Meltf	1.97737022171554	4.70304036913039	16.243320462188	5.57056401326637e-05	0.00468033147317158
ENSMUSG00000040413	T cell immunoglobulin and mucin domain containing 2	ENSMUSG00000040413	Timd2	1.64745358008029	4.20680908072778	16.2168976043189	5.64880049685987e-05	0.00470784042724027
ENSMUSG00000032554	transferrin	ENSMUSG00000032554	Trf	2.52938850514377	11.468657292596	16.2083873802349	5.67423328330278e-05	0.00470784042724027
ENSMUSG00000011008	mucolipin 2	ENSMUSG00000011008	Mcoln2	2.18722074377983	3.67724096275162	16.1255865206564	5.92777473034303e-05	0.00487236371516531
ENSMUSG00000027015	cytochrome b reductase 1	ENSMUSG00000027015	Cybrd1	1.73742609177521	1.48819147994807	16.1197930671531	5.94593538121868e-05	0.00487236371516531
ENSMUSG00000031561	teneurin transmembrane protein 3	ENSMUSG00000031561	Tenm3	1.85897979206898	0.86999992553451	16.0840830424966	6.05911709605148e-05	0.00493464904601738
ENSMUSG00000015085	ectonucleoside triphosphate diphosphohydrolase 2	ENSMUSG00000015085	Entpd2	1.83021242674447	5.02833791948535	16.0709474171578	6.10129297741896e-05	0.00493869904117297
ENSMUSG00000026726	cubilin (intrinsic factor-cobalamin receptor)	ENSMUSG00000026726	Cubn	2.01319045949355	7.03954224867715	16.0423133215937	6.19425756813677e-05	0.00498356177072822
ENSMUSG00000024479	mal, T cell differentiation protein 2	ENSMUSG00000024479	Mal2	1.93341123712761	2.55623101570309	16.0300842011272	6.23439402450721e-05	0.00498563739008031
ENSMUSG00000033831	fibrinogen beta chain	ENSMUSG00000033831	Fgb	2.56944940610551	7.36023914844019	16.0153927269416	6.28295805577172e-05	0.0049943873167886
ENSMUSG00000054662	anoctamin 9	ENSMUSG00000054662	Ano9	2.26405556129449	1.60290556830486	15.9098499583791	6.64320852741667e-05	0.00524932102389621
ENSMUSG00000035540	vitamin D binding protein	ENSMUSG00000035540	Gc	2.57688857497806	6.51143982093686	15.8900182137013	6.71318443378722e-05	0.00527322623423227
ENSMUSG00000063796	solute carrier family 22 (organic anion transporter), member 8	ENSMUSG00000063796	Slc22a8	2.1545221203754	1.64449241875277	15.8719763863295	6.77748852889956e-05	0.00529242118947892
ENSMUSG00000030739	myosin, heavy polypeptide 14	ENSMUSG00000030739	Myh14	1.46311898741012	5.09324455060659	15.7795336780788	7.11682104161913e-05	0.00552490054546748
ENSMUSG00000031775	plasma membrane proteolipid	ENSMUSG00000031775	Pllp	1.94065608777008	2.91847341436595	15.7675629285878	7.16199466767761e-05	0.00552764414031513
ENSMUSG00000006567	ATPase, Cu++ transporting, beta polypeptide	ENSMUSG00000006567	Atp7b	1.84181133538386	4.27626347618441	15.7408191148613	7.26396173358502e-05	0.00556727372213902
ENSMUSG00000010122	solute carrier family 47, member 1	ENSMUSG00000010122	Slc47a1	2.0072301757149	2.66775840491976	15.7041618686702	7.40610317873242e-05	0.00556727372213902
ENSMUSG00000038807	RAP1 GTPase activating protein 2	ENSMUSG00000038807	Rap1gap2	1.44823341017259	3.81310905971135	15.6991611778273	7.42570944593433e-05	0.00556727372213902
ENSMUSG00000029189	sel-1 suppressor of lin-12-like 3 (C. elegans)	ENSMUSG00000029189	Sel1l3	1.00827845482835	5.05426302051682	15.6956386825406	7.43955147012638e-05	0.00556727372213902
ENSMUSG00000010601	apolipoprotein L 7a	ENSMUSG00000010601	Apol7a	2.25022338154993	2.51269822732485	15.6899842786996	7.46182535440094e-05	0.00556727372213902
ENSMUSG00000051716	apolipoprotein N	ENSMUSG00000051716	Apon	2.77550810871172	1.27864724446762	15.6891874391455	7.46496966132388e-05	0.00556727372213902
ENSMUSG00000031445	protein Z, vitamin K-dependent plasma glycoprotein	ENSMUSG00000031445	Proz	2.33510597773925	3.41362642403188	15.6528053178863	7.60996130613391e-05	0.00564370035413004
ENSMUSG00000072941	superoxide dismutase 3, extracellular	ENSMUSG00000072941	Sod3	1.16218185685328	5.06970573146593	15.6287711391715	7.70729405824549e-05	0.00568412936795605
ENSMUSG00000072568	LRAT domain containing 1	ENSMUSG00000072568	Lratd2	1.60073454994752	4.11049475756094	15.5541744109362	8.01744256428375e-05	0.00588019613485452
ENSMUSG00000038119	cell adhesion molecule-related/down-regulated by oncogenes	ENSMUSG00000038119	Cdon	1.13837929855228	3.99565822313278	15.5049994234329	8.22873303199738e-05	0.00598706718633842
ENSMUSG00000009378	solute carrier family 16 (monocarboxylic acid transporters), member 12	ENSMUSG00000009378	Slc16a12	1.34550676399391	3.6633748747422	15.4993511060783	8.25335815517839e-05	0.00598706718633842
ENSMUSG00000066366	serine (or cysteine) peptidase inhibitor, clade A, member 1A	ENSMUSG00000066366	Serpina1a	2.39762939717974	6.09202466942708	15.4756961070556	8.35729556246998e-05	0.00602951622781462
ENSMUSG00000000159	immunoglobulin superfamily, member 5	ENSMUSG00000000159	Igsf5	1.9764909805091	1.9950921151807	15.4188280996352	8.61258843009201e-05	0.0061801141302417
ENSMUSG00000023259	solute carrier family 26, member 6	ENSMUSG00000023259	Slc26a6	1.35967257270532	3.1506733660851	15.3018090246442	9.16287209199498e-05	0.00653963048501255
ENSMUSG00000024131	solute carrier family 3, member 1	ENSMUSG00000024131	Slc3a1	2.80052517653821	4.36132294035238	15.2577852543699	9.37893625620919e-05	0.00665804164712176
ENSMUSG00000003420	Fc fragment of IgG receptor and transporter	ENSMUSG00000003420	Fcgrt	1.69362566459859	7.35804151293969	15.1992264913002	9.67430397558834e-05	0.00683119070616677
ENSMUSG00000061411	nucleolar protein 4-like	ENSMUSG00000061411	Nol4l	1.39821240338079	3.67879365537459	15.1244484022374	0.000100651325462009	0.00706955738364109
ENSMUSG00000024354	solute carrier family 23 (nucleobase transporters), member 1	ENSMUSG00000024354	Slc23a1	1.83613492873596	2.56953818601328	15.0219970222021	0.000106265300880594	0.00742458878520989
ENSMUSG00000032978	guanylate cyclase activator 2b (retina)	ENSMUSG00000032978	Guca2b	1.55473390962648	5.95753417915071	14.9438462420397	0.00011075871786769	0.00769802083609209
ENSMUSG00000111497	NA	ENSMUSG00000111497	NA	-2.14140613703365	0.927369093348632	14.9310793378605	0.000111510737642533	0.00770298765305373
ENSMUSG00000031112	serine/threonine kinase 26	ENSMUSG00000031112	Stk26	1.59324227499889	3.23608787095242	14.9229762336952	0.000111990705615018	0.00770298765305373
ENSMUSG00000032609	kelch domain containing 8B	ENSMUSG00000032609	Klhdc8b	1.42686243188683	2.16542635468242	14.7918158233308	0.00012005540684342	0.00816870835948185
ENSMUSG00000032591	macrophage stimulating 1 (hepatocyte growth factor-like)	ENSMUSG00000032591	Mst1	2.37147169532148	1.3242918499349	14.7878112750538	0.000120310627091786	0.00816870835948185
ENSMUSG00000044367	solute carrier family 16 (monocarboxylic acid transporters), member 13	ENSMUSG00000044367	Slc16a13	1.55000331340675	3.22139044767908	14.7785765910102	0.000120901261356162	0.00816870835948185
ENSMUSG00000058216	glutathione S-transferase pi 3	ENSMUSG00000058216	Gstp3	2.09033559607026	1.91911029008098	14.7735649717613	0.000121223016709448	0.00816870835948185
ENSMUSG00000025203	stearoyl-Coenzyme A desaturase 2	ENSMUSG00000025203	Scd2	1.12323448589997	8.29258491308995	14.7080445692121	0.000125509718417236	0.00841485612115561
ENSMUSG00000021696	ELOVL family member 7, elongation of long chain fatty acids (yeast)	ENSMUSG00000021696	Elovl7	1.44624320164211	2.38811790615914	14.6955820102122	0.000126342199659823	0.00842810402253345
ENSMUSG00000018796	acyl-CoA synthetase long-chain family member 1	ENSMUSG00000018796	Acsl1	1.08340584733365	5.1407189906735	14.6798155075881	0.000127403349191697	0.0084563973025989
ENSMUSG00000045917	transmembrane protein 268	ENSMUSG00000045917	Tmem268	1.13632504235223	4.15102311581901	14.6387240229517	0.000130211332575142	0.00859977830813438
ENSMUSG00000049307	fucosyltransferase 4	ENSMUSG00000049307	Fut4	1.43619624348112	2.65200754121691	14.4790500204243	0.000141727046076891	0.00926954232125714
ENSMUSG00000009145	DEAQ RNA-dependent ATPase	ENSMUSG00000009145	Dqx1	1.35388449171192	2.99431524458288	14.4787591462846	0.000141748933424874	0.00926954232125714
ENSMUSG00000021613	hyaluronan and proteoglycan link protein 1	ENSMUSG00000021613	Hapln1	1.73880106805548	1.66706051264373	14.4383611762978	0.000144822050798182	0.0094240819820876
ENSMUSG00000046020	protein O-fucosyltransferase 1	ENSMUSG00000046020	Pofut1	1.13339877014168	4.922700392932	14.4273520060342	0.000145671102526573	0.00943309212702566
ENSMUSG00000042659	arrestin domain containing 4	ENSMUSG00000042659	Arrdc4	0.968857845892838	7.01217884538705	14.4073055918566	0.000147230020589495	0.00948775982196866
ENSMUSG00000025092	heat shock protein 12A	ENSMUSG00000025092	Hspa12a	1.66405784926869	3.65517081426932	14.3907223812449	0.000148532310214802	0.00952544163334054
ENSMUSG00000040717	interleukin 17 receptor D	ENSMUSG00000040717	Il17rd	1.43379550182264	2.64434179126275	14.2742968208481	0.000158007832072386	0.0100843940901968
ENSMUSG00000041608	ectonucleoside triphosphate diphosphohydrolase 3	ENSMUSG00000041608	Entpd3	1.64062712994174	1.35256914131504	14.2591429394276	0.000159285135929733	0.0101172735859675
ENSMUSG00000034427	myosin XVB	ENSMUSG00000034427	Myo15b	1.8988778018684	4.55972109767242	14.222511011529	0.000162415918901068	0.0102670063019604
ENSMUSG00000025467	proline-rich acidic protein 1	ENSMUSG00000025467	Prap1	1.33123615893989	6.93427911992591	14.1949898586219	0.000164808748384608	0.0103688916341501
ENSMUSG00000049436	uroplakin 1B	ENSMUSG00000049436	Upk1b	1.92566985877683	2.90414177005999	14.18289380196	0.000165871642662033	0.0103865380015966
ENSMUSG00000021097	calmin	ENSMUSG00000021097	Clmn	1.2047446101376	3.94482117206267	14.1586158208101	0.000168025857024083	0.0104720340469235
ENSMUSG00000057777	mab-21-like 2	ENSMUSG00000057777	Mab21l2	2.08868007178013	0.837526913770558	14.1348929409494	0.000170158034398146	0.010482256648299
ENSMUSG00000026368	coagulation factor XIII, beta subunit	ENSMUSG00000026368	F13b	2.55076992114772	2.16684218256087	14.1263940318972	0.000170928516243378	0.010482256648299
ENSMUSG00000026870	cutA divalent cation tolerance homolog-like	ENSMUSG00000026870	Cutal	2.00909632688726	2.88903599838966	14.1241913205294	0.000171128779200365	0.010482256648299
ENSMUSG00000032278	progestin and adipoQ receptor family member V	ENSMUSG00000032278	Paqr5	1.78572850735675	1.89437652749882	14.1183817498172	0.000171658099734537	0.010482256648299
ENSMUSG00000045672	collagen, type XXVII, alpha 1	ENSMUSG00000045672	Col27a1	1.41713616272794	2.98146485440031	14.1131301664368	0.000172137999949468	0.010482256648299
ENSMUSG00000024978	glycerol-3-phosphate acyltransferase, mitochondrial	ENSMUSG00000024978	Gpam	1.12824277138908	5.38929519969772	14.0986503648259	0.000173468204324379	0.0105150247141832
ENSMUSG00000029998	prenylcysteine oxidase 1	ENSMUSG00000029998	Pcyox1	0.978226666372963	7.11221861775275	14.021199219154	0.000180761166243465	0.010888121312165
ENSMUSG00000034171	fatty acid amide hydrolase	ENSMUSG00000034171	Faah	1.18655396101818	3.47244610520233	14.0156423632781	0.000181296134997868	0.010888121312165
ENSMUSG00000037348	progestin and adipoQ receptor family member VII	ENSMUSG00000037348	Paqr7	1.31427800013856	4.12877580744369	14.0074902980389	0.000182083836632816	0.010888121312165
ENSMUSG00000051910	SRY (sex determining region Y)-box 6	ENSMUSG00000051910	Sox6	1.78513304480794	2.77266988126972	13.9907364197417	0.000183713537084962	0.0109363103354389
ENSMUSG00000060459	kininogen 2	ENSMUSG00000060459	Kng2	1.87365666446943	5.24832662005243	13.8520707464343	0.000197778674049868	0.0117210352589822
ENSMUSG00000001155	formiminotransferase cyclodeaminase	ENSMUSG00000001155	Ftcd	2.23631020839467	2.7654479039197	13.8285424321926	0.000200270665443312	0.0118159692611554
ENSMUSG00000037410	TBC1 domain family, member 2B	ENSMUSG00000037410	Tbc1d2b	1.14547036756866	3.97094594025165	13.7762925770288	0.000205918409816803	0.0120954287182215
ENSMUSG00000020102	solute carrier family 16 (monocarboxylic acid transporters), member 7	ENSMUSG00000020102	Slc16a7	1.5257893258693	1.79918992735884	13.7608352681374	0.000207619765892419	0.0121416404943694
ENSMUSG00000049791	frizzled class receptor 4	ENSMUSG00000049791	Fzd4	1.37873580305744	2.81043710253672	13.7283906146164	0.000211237092324608	0.0122990017570578
ENSMUSG00000021278	amnionless	ENSMUSG00000021278	Amn	2.20862193764601	5.8298556701535	13.694564185621	0.000215076114487451	0.0124267177665981
ENSMUSG00000041550	serine (or cysteine) peptidase inhibitor, clade A, member 5	ENSMUSG00000041550	Serpina5	2.37143756765429	1.92346558773572	13.6891246164047	0.000215699989391371	0.0124267177665981
ENSMUSG00000035041	cAMP responsive element binding protein 3-like 3	ENSMUSG00000035041	Creb3l3	1.4144968376219	4.33091944108447	13.6703583691261	0.000217866357654585	0.0124267177665981
ENSMUSG00000039533	monocyte to macrophage differentiation-associated 2	ENSMUSG00000039533	Mmd2	2.05794783987824	0.999802461849188	13.6686040689659	0.000218069990503269	0.0124267177665981
ENSMUSG00000063354	solute carrier family 39 (zinc transporter), member 4	ENSMUSG00000063354	Slc39a4	0.954609856927769	5.35561860174675	13.6682498592034	0.000218111129161383	0.0124267177665981
ENSMUSG00000031099	SWI/SNF related, matrix associated, actin dependent regulator of chromatin, subfamily a, member 1	ENSMUSG00000031099	Smarca1	1.81028228946614	4.12138151683099	13.6550149374543	0.000219653878202028	0.0124611334749228
ENSMUSG00000032114	solute carrier family 37 (glucose-6-phosphate transporter), member 4	ENSMUSG00000032114	Slc37a4	1.19635565810731	4.82532574275866	13.6469971892029	0.000220593822650196	0.0124612042369419
ENSMUSG00000006469	solute carrier family 34 (sodium phosphate), member 3	ENSMUSG00000006469	Slc34a3	2.38845087030641	2.02518058506377	13.6383592308114	0.000221611012026715	0.0124656194265027
ENSMUSG00000028980	hexose-6-phosphate dehydrogenase (glucose 1-dehydrogenase)	ENSMUSG00000028980	H6pd	1.15844674757886	6.67779643369022	13.6233281485319	0.00022339232421157	0.0125127979067873
ENSMUSG00000051375	protocadherin 1	ENSMUSG00000051375	Pcdh1	1.08497919686207	4.81684722146948	13.5715339131309	0.000229641641071238	0.012808793215213
ENSMUSG00000074882	cytochrome P450, family 2, subfamily c, polypeptide 68	ENSMUSG00000074882	Cyp2c68	2.37350119360838	3.02140033564295	13.5617724256196	0.000230839012537493	0.0128217066587248
ENSMUSG00000036585	fibroblast growth factor 1	ENSMUSG00000036585	Fgf1	1.95936335130091	3.6324402876449	13.5203742342261	0.000235987352306716	0.0130530504244652
ENSMUSG00000071178	serine (or cysteine) preptidase inhibitor, clade A, member 1B	ENSMUSG00000071178	Serpina1b	2.39974385849247	6.36404967812337	13.4700398763004	0.000242403157865018	0.0133522901272121
ENSMUSG00000006522	inter-alpha trypsin inhibitor, heavy chain 3	ENSMUSG00000006522	Itih3	2.46239795420271	3.86983480696799	13.4223445705134	0.000248644737206358	0.013639499530638
ENSMUSG00000060572	microfibrillar-associated protein 2	ENSMUSG00000060572	Mfap2	1.46849400554208	3.03140370934788	13.3976619179759	0.000251938144640357	0.0137632875312788
ENSMUSG00000030208	epithelial membrane protein 1	ENSMUSG00000030208	Emp1	1.0364039258998	6.8090974635366	13.3226738277912	0.000262215999566013	0.0142660548944214
ENSMUSG00000031444	coagulation factor X	ENSMUSG00000031444	F10	1.59153178557823	3.68467366591214	13.2824088038626	0.000267908055200333	0.0145162425827936
ENSMUSG00000049493	plastin 1 (I-isoform)	ENSMUSG00000049493	Pls1	1.45095106240073	5.70212828672694	13.2738672443987	0.000269131453840904	0.0145232522347073
ENSMUSG00000064246	chitinase-like 1	ENSMUSG00000064246	Chil1	1.35096716228087	3.62481537284988	13.1378729208521	0.00028938620245427	0.0155530438768439
ENSMUSG00000001249	hepsin	ENSMUSG00000001249	Hpn	2.04212646928927	5.05614379709747	13.0597117421193	0.000301715867059171	0.0161503150613326
ENSMUSG00000069516	lysozyme 2	ENSMUSG00000069516	Lyz2	-0.845240135476071	5.6118053625138	12.9898756440214	0.000313179768206061	0.0166966322206243
ENSMUSG00000030747	diacylglycerol O-acyltransferase 2	ENSMUSG00000030747	Dgat2	0.895448403772113	6.41719181667696	12.9776581703163	0.000315229999008341	0.0167387129473429
ENSMUSG00000029161	cell growth regulator with EF hand domain 1	ENSMUSG00000029161	Cgref1	1.15746428499456	4.13452283099488	12.9384752479916	0.000321897091668063	0.0170246370194962
ENSMUSG00000040412	endosome-lysosome associated apoptosis and autophagy regulator 1	ENSMUSG00000040412	Elapor1	1.69569960712587	1.97183381377314	12.921128739286	0.000324893886246971	0.0171149457933672
ENSMUSG00000021806	nidogen 2	ENSMUSG00000021806	Nid2	0.80495141441886	6.20457258026232	12.8433508942981	0.000338680561893053	0.0177706895617798
ENSMUSG00000020176	growth factor receptor bound protein 10	ENSMUSG00000020176	Grb10	0.915828067600321	7.53707405069375	12.8345784710301	0.000340272108250837	0.0177839064449995
ENSMUSG00000027761	arylacetamide deacetylase	ENSMUSG00000027761	Aadac	2.19184174834974	1.95263577054357	12.8270978238121	0.000341635249692106	0.0177851291751479
ENSMUSG00000027359	solute carrier family 27 (fatty acid transporter), member 2	ENSMUSG00000027359	Slc27a2	2.0874554234749	4.85867386142292	12.8092073958806	0.000344917663287017	0.0178858671099029
ENSMUSG00000045314	sosondowah ankyrin repeat domain family member B	ENSMUSG00000045314	Sowahb	1.60631634362161	3.03514002746447	12.7497477377607	0.000356057181809084	0.018391669605119
ENSMUSG00000020264	solute carrier family 36 (proton/amino acid symporter), member 2	ENSMUSG00000020264	Slc36a2	2.39410089493379	2.17020732129021	12.7109773983912	0.000363515384263995	0.0187041345973044
ENSMUSG00000040963	asialoglycoprotein receptor 2	ENSMUSG00000040963	Asgr2	2.25404465255642	0.815233461295063	12.6337925209507	0.000378835829385279	0.0194171646142455
ENSMUSG00000026227	RIKEN cDNA 2810459M11 gene	ENSMUSG00000026227	2810459M11Rik	1.87204870931694	3.74091126498033	12.5628985722817	0.000393480960836887	0.0200902298273449
ENSMUSG00000038591	collectin sub-family member 10	ENSMUSG00000038591	Colec10	2.32639319429371	2.1605194660654	12.4283519284053	0.000422864896511575	0.021507783529468
ENSMUSG00000037157	interleukin 22 receptor, alpha 1	ENSMUSG00000037157	Il22ra1	2.42230292623628	1.71486614342838	12.4182847548264	0.000425150548235623	0.0215415020146103
ENSMUSG00000035775	keratin 20	ENSMUSG00000035775	Krt20	1.81609495682575	3.64904134881888	12.4017533598641	0.000428930910373269	0.0216341334153733
ENSMUSG00000070704	UDP glucuronosyltransferase 2 family, polypeptide B36	ENSMUSG00000070704	Ugt2b36	2.27830220330209	1.36232629756291	12.3960711032193	0.000430238133458271	0.0216341334153733
ENSMUSG00000014303	GLIS family zinc finger 2	ENSMUSG00000014303	Glis2	1.03287914432838	3.61023607914905	12.3847313236385	0.000432858917546077	0.0216837816242422
ENSMUSG00000020080	hexokinase domain containing 1	ENSMUSG00000020080	Hkdc1	1.11225738454393	4.93209032171715	12.2705830944387	0.000460154470056073	0.0229644759022345
ENSMUSG00000004317	chloride channel, voltage-sensitive 5	ENSMUSG00000004317	Clcn5	1.03175873351499	5.49112202401661	12.258320019608	0.000463188321879548	0.0229745851385116
ENSMUSG00000049152	UDP glycosyltransferases 3 family, polypeptide A2	ENSMUSG00000049152	Ugt3a2	2.28698775405286	1.94332628780254	12.2512122228518	0.00046495600401039	0.0229745851385116
ENSMUSG00000041605	innate immunity activator	ENSMUSG00000041605	Inava	1.29826294354414	3.7946598049149	12.2437165550089	0.000466827524156715	0.0229745851385116
ENSMUSG00000051413	pleiomorphic adenoma gene-like 2	ENSMUSG00000051413	Plagl2	1.1561966759911	4.23665167115104	12.2419100929499	0.00046727969773244	0.0229745851385116
ENSMUSG00000011034	solute carrier family 5 (sodium/glucose cotransporter), member 1	ENSMUSG00000011034	Slc5a1	2.05692424224481	3.02040359650077	12.2082311751132	0.000475791239229724	0.0232563943431459
ENSMUSG00000037656	solute carrier family 20, member 2	ENSMUSG00000037656	Slc20a2	0.848127553682689	4.97708555283267	12.2053946869575	0.000476515198594025	0.0232563943431459
ENSMUSG00000075033	neurexophilin and PC-esterase domain family, member 3	ENSMUSG00000075033	Nxpe3	1.27147676645171	3.06590628823118	12.139670479874	0.000493604969087619	0.0240022196506892
ENSMUSG00000022197	PDZ domain containing 2	ENSMUSG00000022197	Pdzd2	1.11844116299421	3.78866518624425	12.1014513722236	0.000503825906258655	0.0244098135240279
ENSMUSG00000027690	solute carrier family 2 (facilitated glucose transporter), member 2	ENSMUSG00000027690	Slc2a2	1.7187195218776	3.12252035370373	12.0873249750197	0.000507657571641204	0.024478176421816
ENSMUSG00000028528	DnaJ heat shock protein family (Hsp40) member C6	ENSMUSG00000028528	Dnajc6	1.7095335664514	1.43928330448709	12.0820919236088	0.000509084446967126	0.024478176421816
ENSMUSG00000017950	hepatic nuclear factor 4, alpha	ENSMUSG00000017950	Hnf4a	1.691293179998	5.49172417737016	12.0709591294437	0.000512133463014627	0.024478176421816
ENSMUSG00000054932	alpha fetoprotein	ENSMUSG00000054932	Afp	2.67312347858742	13.6878733941589	12.0692155399006	0.000512612658777013	0.024478176421816
ENSMUSG00000051817	SRY (sex determining region Y)-box 12	ENSMUSG00000051817	Sox12	1.1883087361642	2.59013243915619	12.052059996789	0.000517351768507292	0.0245412149449339
ENSMUSG00000028737	aldehyde dehydrogenase 4 family, member A1	ENSMUSG00000028737	Aldh4a1	0.986187643700788	4.95653701352076	12.0510572115399	0.000517630145731185	0.0245412149449339
ENSMUSG00000008540	microsomal glutathione S-transferase 1	ENSMUSG00000008540	Mgst1	1.20692752900053	5.7105170944101	12.0280123331033	0.000524069328138295	0.0247580794698785
ENSMUSG00000039783	kynurenine 3-monooxygenase (kynurenine 3-hydroxylase)	ENSMUSG00000039783	Kmo	1.70253024541555	1.79256421673634	12.0002918855487	0.000531922188678435	0.0250399540947029
ENSMUSG00000040693	solute carrier organic anion transporter family, member 4C1	ENSMUSG00000040693	Slco4c1	1.89969485194361	2.34112385214916	11.967023094326	0.000541503835978898	0.0254009308219783
ENSMUSG00000025347	methyltransferase like 7B	ENSMUSG00000025347	Mettl7b	2.11290659468066	4.38914133943351	11.8998534260788	0.000561383614509915	0.0262407305726025
ENSMUSG00000042985	uroplakin 3B	ENSMUSG00000042985	Upk3b	2.7299672358852	3.74572313486531	11.8813608942227	0.000566984977631687	0.0262993650216446
ENSMUSG00000031995	suppression of tumorigenicity 14 (colon carcinoma)	ENSMUSG00000031995	St14	0.87235394011235	5.24296977900221	11.8798813564483	0.000567435558205694	0.0262993650216446
ENSMUSG00000028211	transformation related protein 53 inducible nuclear protein 1	ENSMUSG00000028211	Trp53inp1	0.831838927168622	5.29129013990398	11.8761242584598	0.00056858137560919	0.0262993650216446
ENSMUSG00000007613	transforming growth factor, beta receptor I	ENSMUSG00000007613	Tgfbr1	0.965040248832705	6.05836519798544	11.8625140675934	0.000572751725237417	0.0264002748351622
ENSMUSG00000025934	glutathione S-transferase, alpha 3	ENSMUSG00000025934	Gsta3	1.77843445879719	3.37664077248934	11.8204836481777	0.000585826407923496	0.0269095002255516
ENSMUSG00000034584	exophilin 5	ENSMUSG00000034584	Exph5	1.79231087936176	1.43981067403364	11.7929165724928	0.000594565136265997	0.0271951679186967
ENSMUSG00000024827	glycine decarboxylase	ENSMUSG00000024827	Gldc	1.07953095243467	3.01977667919853	11.7851803487783	0.00059704107951092	0.0271951679186967
ENSMUSG00000062609	potassium inwardly-rectifying channel, subfamily J, member 15	ENSMUSG00000062609	Kcnj15	1.36315204140722	4.43254239531982	11.781542496353	0.00059820895405702	0.0271951679186967
ENSMUSG00000061947	serine (or cysteine) peptidase inhibitor, clade A (alpha-1 antiproteinase, antitrypsin), member 10	ENSMUSG00000061947	Serpina10	1.7462874727684	4.24697017286353	11.7752333900159	0.000600239864420198	0.0271951679186967
ENSMUSG00000039395	melanoregulin	ENSMUSG00000039395	Mreg	1.13457012722836	4.68972105616544	11.7618892332518	0.000604558333904899	0.0272976594645835
ENSMUSG00000019944	Rho-related BTB domain containing 1	ENSMUSG00000019944	Rhobtb1	1.08097297269039	4.25155766262745	11.7207830434507	0.000618059425798814	0.0278126741609466
ENSMUSG00000030236	solute carrier organic anion transporter family, member 1b2	ENSMUSG00000030236	Slco1b2	2.41640607320313	4.46303609529811	11.7070938038933	0.000622622836144781	0.0278391238391532
ENSMUSG00000022150	disabled 2, mitogen-responsive phosphoprotein	ENSMUSG00000022150	Dab2	1.42092823604596	7.21930506630452	11.7036280281843	0.000623783566527202	0.0278391238391532
ENSMUSG00000024365	cytochrome P450, family 21, subfamily a, polypeptide 1	ENSMUSG00000024365	Cyp21a1	2.70116075961072	5.61457128143537	11.700185948317	0.000624938523846904	0.0278391238391532
ENSMUSG00000022219	cell death-inducing DNA fragmentation factor, alpha subunit-like effector B	ENSMUSG00000022219	Cideb	1.39547027092943	4.08032075211207	11.6580611239012	0.000639249299375811	0.0283813861177722
ENSMUSG00000042359	oxysterol binding protein-like 6	ENSMUSG00000042359	Osbpl6	1.37611321595453	4.36569556704461	11.6515158483601	0.00064150240146088	0.0283864812646439
ENSMUSG00000031700	glutamic pyruvate transaminase (alanine aminotransferase) 2	ENSMUSG00000031700	Gpt2	1.23512957196481	5.89298072905062	11.596423126431	0.00066078788623805	0.0291427215608309
ENSMUSG00000024998	phospholipase C, epsilon 1	ENSMUSG00000024998	Plce1	1.5212254059078	1.96424391341309	11.5643914108512	0.000672268904517515	0.0295508930710927
ENSMUSG00000020609	apolipoprotein B	ENSMUSG00000020609	Apob	2.07806048475292	9.43640570533248	11.5557857395434	0.000675387602364591	0.0295900013907259
ENSMUSG00000055866	period circadian clock 2	ENSMUSG00000055866	Per2	1.25310523930445	2.77270977962733	11.5491294714782	0.000677809856032925	0.0295984402593325
ENSMUSG00000116207	nicotinamide nucleotide transhydrogenase	ENSMUSG00000116207	Nnt	1.28333053801007	4.1278826625845	11.5260502857056	0.000686276671070422	0.0298699108474094
ENSMUSG00000025815	dehydrogenase E1 and transketolase domain containing 1	ENSMUSG00000025815	Dhtkd1	1.1561778815196	2.86660950905902	11.4533273454534	0.000713660978992725	0.0309602924710079
ENSMUSG00000060548	tumor necrosis factor receptor superfamily, member 19	ENSMUSG00000060548	Tnfrsf19	1.30271418778198	1.97486618362128	11.4374473716196	0.000719786057792017	0.0311242994045245
ENSMUSG00000017493	insulin-like growth factor binding protein 4	ENSMUSG00000017493	Igfbp4	1.01141654075792	5.89118376060526	11.4082396272367	0.000731190830794948	0.031263902045361
ENSMUSG00000072571	transmembrane protein 253	ENSMUSG00000072571	Tmem253	1.98498787742891	2.45638566695961	11.4063319470467	0.000731942045116472	0.031263902045361
ENSMUSG00000001663	glutathione S-transferase, theta 1	ENSMUSG00000001663	Gstt1	2.17784030522367	2.41992842777741	11.4058490828038	0.000732132313058623	0.031263902045361
ENSMUSG00000070985	acyl-coenzyme A amino acid N-acyltransferase 1	ENSMUSG00000070985	Acnat1	2.30202259694559	1.25783261669993	11.4050813895577	0.000732434917974182	0.031263902045361
ENSMUSG00000026188	transmembrane protein 169	ENSMUSG00000026188	Tmem169	2.05112510032297	1.17594136394806	11.3530759157536	0.000753231152606069	0.0320485370219409
ENSMUSG00000039217	interleukin 18	ENSMUSG00000039217	Il18	1.73721419651949	0.857767753208476	11.3314505448327	0.000762053520042463	0.0323203210177754
ENSMUSG00000020577	tetraspanin 13	ENSMUSG00000020577	Tspan13	1.1622635666667	5.3968385704287	11.3130615837	0.000769637653112273	0.0325380249842848
ENSMUSG00000027536	charged multivesicular body protein 4C	ENSMUSG00000027536	Chmp4c	1.00769112541621	4.26086936000261	11.2711537107126	0.000787207893331815	0.0331751897904122
ENSMUSG00000047797	gap junction protein, beta 1	ENSMUSG00000047797	Gjb1	2.23369217138604	3.79669353926418	11.2191774604794	0.000809563686709616	0.0340093605730068
ENSMUSG00000039878	solute carrier family 39 (metal ion transporter), member 5	ENSMUSG00000039878	Slc39a5	1.83271426611078	5.76323580070622	11.1868320672069	0.000823798748533008	0.0344981968037088
ENSMUSG00000002985	apolipoprotein E	ENSMUSG00000002985	Apoe	1.69424737854799	8.51850364557148	11.0906488522469	0.000867641210253956	0.0362199278808845
ENSMUSG00000052396	monoacylglycerol O-acyltransferase 2	ENSMUSG00000052396	Mogat2	1.57353219880791	4.20515394689833	11.0742586396788	0.000875344103846547	0.0364269372368743
ENSMUSG00000040447	spinster homolog 2	ENSMUSG00000040447	Spns2	0.992733473508287	4.79556992616371	11.0473798464986	0.000888126248912089	0.0368433623572124
ENSMUSG00000040205	CUB and zona pellucida-like domains 1	ENSMUSG00000040205	Cuzd1	1.77547899008693	3.56381240778576	11.0075829399069	0.000907398954923511	0.037481677265552
ENSMUSG00000050866	clarin 3	ENSMUSG00000050866	Clrn3	1.36790517276263	3.70811805599827	11.0039890316795	0.00090916008131885	0.037481677265552
ENSMUSG00000036330	solute carrier family 18 (vesicular monoamine), member 1	ENSMUSG00000036330	Slc18a1	1.22393583291711	2.70909773866512	10.9787933502237	0.000921604168262758	0.0378770753364957
ENSMUSG00000025993	solute carrier family 40 (iron-regulated transporter), member 1	ENSMUSG00000025993	Slc40a1	0.71264471038332	7.39582753223225	10.9473486684641	0.000937376501154376	0.0384063983111862
ENSMUSG00000035561	aldehyde dehydrogenase 1 family, member B1	ENSMUSG00000035561	Aldh1b1	1.26068444412108	4.28126973639458	10.9295235350819	0.000946438327876432	0.0386583655463373
ENSMUSG00000070473	claudin 3	ENSMUSG00000070473	Cldn3	1.02383460921194	4.40691735050577	10.917659432885	0.000952518771093046	0.0387873824731907
ENSMUSG00000025196	carboxypeptidase N, polypeptide 1	ENSMUSG00000025196	Cpn1	1.61268989369827	4.77328806200467	10.9112863674051	0.000955801307929094	0.0387938859868932
ENSMUSG00000026638	interferon regulatory factor 6	ENSMUSG00000026638	Irf6	1.45560066762396	5.01591208696414	10.9060186859675	0.000958523133988773	0.0387938859868932
ENSMUSG00000018919	transmembrane 4 superfamily member 5	ENSMUSG00000018919	Tm4sf5	2.19784616558964	1.59711464591014	10.8795306877808	0.000972328814254608	0.0390383207693163
ENSMUSG00000022040	epoxide hydrolase 2, cytoplasmic	ENSMUSG00000022040	Ephx2	1.35066146597973	3.50084131102814	10.8764887753237	0.000973927092197722	0.0390383207693163
ENSMUSG00000030560	cathepsin C	ENSMUSG00000030560	Ctsc	0.971608795812012	4.91712833927859	10.8742631520211	0.000975098159157701	0.0390383207693163
ENSMUSG00000030492	solute carrier family 7 (cationic amino acid transporter, y+ system), member 9	ENSMUSG00000030492	Slc7a9	1.88573564063401	4.68582508518826	10.8719332666803	0.000976325611707194	0.0390383207693163
ENSMUSG00000001761	smoothened, frizzled class receptor	ENSMUSG00000001761	Smo	0.96328164622988	3.79791031356402	10.8546333277648	0.000985488739105663	0.0392863754102933
ENSMUSG00000041762	G protein-coupled receptor 155	ENSMUSG00000041762	Gpr155	1.31233006579087	2.57697727255641	10.840112229942	0.000993247123940937	0.0394771124859759
ENSMUSG00000025854	FAM20C, golgi associated secretory pathway kinase	ENSMUSG00000025854	Fam20c	0.956748392657569	4.34050568783351	10.8314244502377	0.000997918364408126	0.0395443769776653
ENSMUSG00000046312	myogenesis regulating glycosidase (putative)	ENSMUSG00000046312	Myorg	0.983507136391518	4.18523885816974	10.8110261867067	0.00100897360251818	0.0398634659923478
ENSMUSG00000067786	neuronatin	ENSMUSG00000067786	Nnat	1.85614638378345	5.05835531288006	10.7873793403176	0.00102194460154945	0.0402561263666733
ENSMUSG00000031165	Wiskott-Aldrich syndrome	ENSMUSG00000031165	Was	-0.80367098615334	4.93402607425799	10.7632614801818	0.00103534771926715	0.0405942115641198
ENSMUSG00000032207	lipase, hepatic	ENSMUSG00000032207	Lipc	1.83164622131711	2.03780187145071	10.7609472234147	0.00103664314276735	0.0405942115641198
ENSMUSG00000034926	24-dehydrocholesterol reductase	ENSMUSG00000034926	Dhcr24	0.845778129762663	7.20726232689722	10.7471230493402	0.00104441554956437	0.0407782835896088
ENSMUSG00000037098	RAB11 family interacting protein 3 (class II)	ENSMUSG00000037098	Rab11fip3	0.904302937917423	5.2237869722785	10.7288968749181	0.00105475306740032	0.0410000869360196
ENSMUSG00000045319	proline and serine rich 2	ENSMUSG00000045319	Proser2	-0.816054918526119	6.20674873689624	10.7262315662804	0.0010562734261483	0.0410000869360196
ENSMUSG00000044734	serine (or cysteine) peptidase inhibitor, clade B, member 1a	ENSMUSG00000044734	Serpinb1a	1.49941551388382	4.831041391896	10.7060718596134	0.00106784504977081	0.0413284053519167
ENSMUSG00000039349	RIKEN cDNA C130074G19 gene	ENSMUSG00000039349	C130074G19Rik	1.28326783094364	4.7044708435466	10.6551866993321	0.00109762663614478	0.0423575395198312
ENSMUSG00000014329	BicC family RNA binding protein 1	ENSMUSG00000014329	Bicc1	0.978927135063219	4.13292194359047	10.6325391900101	0.00111115042004119	0.0427551357276717
ENSMUSG00000025557	solute carrier family 15 (oligopeptide transporter), member 1	ENSMUSG00000025557	Slc15a1	2.02727337981512	0.650576634141703	10.6191083805542	0.00111925002098632	0.0429423237820618
ENSMUSG00000044254	proprotein convertase subtilisin/kexin type 9	ENSMUSG00000044254	Pcsk9	2.16994694532949	2.83545536853781	10.5725789395887	0.00114777490044394	0.0438000361732348
ENSMUSG00000046876	ataxin 1	ENSMUSG00000046876	Atxn1	1.06028683133174	3.05672762289312	10.5718874196795	0.00114820433810062	0.0438000361732348
ENSMUSG00000035237	lecithin cholesterol acyltransferase	ENSMUSG00000035237	Lcat	1.73673134048582	1.5085457669746	10.5420406105131	0.00116689513194441	0.0443854810216679
ENSMUSG00000021208	interferon, alpha-inducible protein 27 like 2B	ENSMUSG00000021208	Ifi27l2b	1.47732738711192	2.77473682975811	10.4478165599141	0.00122794520905723	0.0465742075720991
ENSMUSG00000043388	transmembrane protein 130	ENSMUSG00000043388	Tmem130	1.16968771887957	3.5935853179748	10.4062611496591	0.00125588762489821	0.0474983140185863
ENSMUSG00000030088	aldehyde dehydrogenase 1 family, member L1	ENSMUSG00000030088	Aldh1l1	1.71120661611093	2.80858482791994	10.3670160940506	0.00128286726097525	0.0483808604813821
ENSMUSG00000078794	dishevelled-binding antagonist of beta-catenin 3	ENSMUSG00000078794	Dact3	1.35874141194474	2.32062242807183	10.3371191314761	0.00130381347811808	0.0488703630002652
ENSMUSG00000023191	prolyl 3-hydroxylase 3	ENSMUSG00000023191	P3h3	1.06141808186758	3.00221647491209	10.3332957498957	0.00130651704059889	0.0488703630002652
ENSMUSG00000022831	hematopoietic cell specific Lyn substrate 1	ENSMUSG00000022831	Hcls1	-0.813823065396077	4.89268908846278	10.3327674371892	0.00130689106328393	0.0488703630002652
ENSMUSG00000032372	phospholipid scramblase 2	ENSMUSG00000032372	Plscr2	1.89950232976894	2.11224224955379	10.3232969895831	0.00131361414787687	0.0489837859917567
ENSMUSG00000031245	high-mobility group nucleosome binding domain 5	ENSMUSG00000031245	Hmgn5	-0.677776158967337	7.11430870206551	10.3179404975521	0.00131743221830389	0.0489885509747456
